Année,Population,Sexe,Tranche d'âge,Population au premier janvier
1946.0,40125230.0,Tout,Tout,
1947.0,40448254.0,Tout,Tout,
1948.0,40910569.0,Tout,Tout,
1949.0,41313195.0,Tout,Tout,
1950.0,41647258.0,Tout,Tout,
1951.0,42010088.0,Tout,Tout,
1952.0,42300981.0,Tout,Tout,
1953.0,42618354.0,Tout,Tout,
1954.0,42885138.0,Tout,Tout,
1955.0,43227872.0,Tout,Tout,
1956.0,43627467.0,Tout,Tout,
1957.0,44058683.0,Tout,Tout,
1958.0,44563043.0,Tout,Tout,
1959.0,45014662.0,Tout,Tout,
1960.0,45464797.0,Tout,Tout,
1961.0,45903656.0,Tout,Tout,
1962.0,46422000.0,Tout,Tout,
1963.0,47573406.0,Tout,Tout,
1964.0,48059029.0,Tout,Tout,
1965.0,48561800.0,Tout,Tout,
1966.0,48953792.0,Tout,Tout,
1967.0,49373537.0,Tout,Tout,
1968.0,49723072.0,Tout,Tout,
1969.0,50107735.0,Tout,Tout,
1970.0,50528219.0,Tout,Tout,
1971.0,51016234.0,Tout,Tout,
1972.0,51485953.0,Tout,Tout,
1973.0,51915873.0,Tout,Tout,
1974.0,52320725.0,Tout,Tout,
1975.0,52600000.0,Tout,Tout,
1976.0,52798338.0,Tout,Tout,
1977.0,53019005.0,Tout,Tout,
1978.0,53271566.0,Tout,Tout,
1979.0,53481073.0,Tout,Tout,
1980.0,53731387.0,Tout,Tout,
1981.0,54028630.0,Tout,Tout,
1982.0,54335000.0,Tout,Tout,
1983.0,54649984.0,Tout,Tout,
1984.0,54894854.0,Tout,Tout,
1985.0,55157303.0,Tout,Tout,
1986.0,55411238.0,Tout,Tout,
1987.0,55681780.0,Tout,Tout,
1988.0,55966142.0,Tout,Tout,
1989.0,56269810.0,Tout,Tout,
1990.0,56577000.0,Tout,Tout,
1991.0,56840661.0,Tout,Tout,
1992.0,57110533.0,Tout,Tout,
1993.0,57369161.0,Tout,Tout,
1994.0,57565008.0,Tout,Tout,
1995.0,57752535.0,Tout,Tout,
1996.0,57935959.0,Tout,Tout,
1997.0,58116018.0,Tout,Tout,
1998.0,58298962.0,Tout,Tout,
1999.0,58496613.0,Tout,Tout,
2000.0,58858198.0,Tout,Tout,
2001.0,59266572.0,Tout,Tout,
2002.0,59685899.0,Tout,Tout,
2003.0,60101841.0,Tout,Tout,
2004.0,60505421.0,Tout,Tout,
2005.0,60963264.0,Tout,Tout,
2006.0,61399733.0,Tout,Tout,
2007.0,61795238.0,Tout,Tout,
2008.0,62134866.0,Tout,Tout,
2009.0,62465709.0,Tout,Tout,
2010.0,62765235.0,Tout,Tout,
2011.0,63070344.0,Tout,Tout,
2012.0,63375971.0,Tout,Tout,
2013.0,63697865.0,Tout,Tout,
2014.0,64027958.0,Tout,Tout,
2015.0,64300821.0,Tout,Tout,
2016.0,64468792.0,Tout,Tout,
2017.0,64639133.0,Tout,Tout,
2018.0,64844037.0,Tout,Tout,
2019.0,65096768.0,Tout,Tout,
2020.0,65269154.0,Tout,Tout,
2021.0,65450219.0,Tout,Tout,
2022.0,65646837.0,Tout,Tout,
,,Tout,Tout,
,,Tout,Tout,
,,Tout,Tout,
,,Tout,Tout,
,,Tout,Tout,
,,Tout,Tout,
1946.0,4341199.0,,,40125230.0
1947.0,4411244.0,,,40448254.0
1948.0,4525043.0,,,40910569.0
1949.0,4643400.0,,,41313195.0
1950.0,4755409.0,,,41647258.0
1951.0,4880335.0,,,42010088.0
1952.0,4993160.0,,,42300981.0
1953.0,5107678.0,,,42618354.0
1954.0,5217479.0,,,42885138.0
1955.0,5335817.0,,,43227872.0
1956.0,5484437.0,,,43627467.0
1957.0,5659080.0,,,44058683.0
1958.0,5820755.0,,,44563043.0
1959.0,5944471.0,,,45014662.0
1960.0,6074169.0,,,45464797.0
1961.0,6196016.0,,,45903656.0
1962.0,6233219.0,,,46422000.0
1963.0,6312326.0,,,47573406.0
1964.0,6336127.0,,,48059029.0
1965.0,6359916.0,,,48561800.0
1966.0,6362359.0,,,48953792.0
1967.0,6383102.0,,,49373537.0
1968.0,6382547.0,,,49723072.0
1969.0,6401323.0,,,50107735.0
1970.0,6418238.0,,,50528219.0
1971.0,6445316.0,,,51016234.0
1972.0,6480157.0,,,51485953.0
1973.0,6504033.0,,,51915873.0
1974.0,6511625.0,,,52320725.0
1975.0,6469442.0,,,52600000.0
1976.0,6426669.0,,,52798338.0
1977.0,6364883.0,,,53019005.0
1978.0,6320191.0,,,53271566.0
1979.0,6253502.0,,,53481073.0
1980.0,6193763.0,,,53731387.0
1981.0,6161342.0,,,54028630.0
1982.0,6133284.0,,,54335000.0
1983.0,6118246.0,,,54649984.0
1984.0,6077729.0,,,54894854.0
1985.0,6034843.0,,,55157303.0
1986.0,5988989.0,,,55411238.0
1987.0,5936121.0,,,55681780.0
1988.0,5879948.0,,,55966142.0
1989.0,5840091.0,,,56269810.0
1990.0,5825950.0,,,56577000.0
1991.0,5833597.0,,,56840661.0
1992.0,5851110.0,,,57110533.0
1993.0,5846153.0,,,57369161.0
1994.0,5827481.0,,,57565008.0
1995.0,5797225.0,,,57752535.0
1996.0,5753770.0,,,57935959.0
1997.0,5714442.0,,,58116018.0
1998.0,5677156.0,,,58298962.0
1999.0,5670252.0,,,58496613.0
2000.0,5690404.0,,,58858198.0
2001.0,5717861.0,,,59266572.0
2002.0,5731275.0,,,59685899.0
2003.0,5741079.0,,,60101841.0
2004.0,5743711.0,,,60505421.0
2005.0,5752594.0,,,60963264.0
2006.0,5763808.0,,,61399733.0
2007.0,5797150.0,,,61795238.0
2008.0,5822253.0,,,62134866.0
2009.0,5867279.0,,,62465709.0
2010.0,5907101.0,,,62765235.0
2011.0,5941265.0,,,63070344.0
2012.0,5973817.0,,,63375971.0
2013.0,6011490.0,,,63697865.0
2014.0,6027041.0,,,64027958.0
2015.0,6032124.0,,,64300821.0
2016.0,6002321.0,,,64468792.0
2017.0,5972195.0,,,64639133.0
2018.0,5949101.0,,,64844037.0
2019.0,5921571.0,,,65096768.0
2020.0,5885710.0,,,65269154.0
2021.0,5850738.0,,,65450219.0
2022.0,5805852.0,,,65646837.0
,,,,
,,,,
,,,,
,,,,
,,,,
,,,,
1946.0,5972344.0,,,40125230.0
1947.0,6041163.0,,,40448254.0
1948.0,6169533.0,,,40910569.0
1949.0,6270028.0,,,41313195.0
1950.0,6369424.0,,,41647258.0
1951.0,6450394.0,,,42010088.0
1952.0,6524893.0,,,42300981.0
1953.0,6601236.0,,,42618354.0
1954.0,6688258.0,,,42885138.0
1955.0,6783368.0,,,43227872.0
1956.0,6903839.0,,,43627467.0
1957.0,7038887.0,,,44058683.0
1958.0,7194933.0,,,44563043.0
1959.0,7331768.0,,,45014662.0
1960.0,7473291.0,,,45464797.0
1961.0,7637936.0,,,45903656.0
1962.0,7835840.0,,,46422000.0
1963.0,8105601.0,,,47573406.0
1964.0,8264240.0,,,48059029.0
1965.0,8420382.0,,,48561800.0
1966.0,8545090.0,,,48953792.0
1967.0,8572004.0,,,49373537.0
1968.0,8556725.0,,,49723072.0
1969.0,8534949.0,,,50107735.0
1970.0,8529220.0,,,50528219.0
1971.0,8546076.0,,,51016234.0
1972.0,8590195.0,,,51485953.0
1973.0,8623287.0,,,51915873.0
1974.0,8648742.0,,,52320725.0
1975.0,8623235.0,,,52600000.0
1976.0,8587539.0,,,52798338.0
1977.0,8535010.0,,,53019005.0
1978.0,8490408.0,,,53271566.0
1979.0,8439834.0,,,53481073.0
1980.0,8394805.0,,,53731387.0
1981.0,8377919.0,,,54028630.0
1982.0,8354781.0,,,54335000.0
1983.0,8343002.0,,,54649984.0
1984.0,8290504.0,,,54894854.0
1985.0,8235204.0,,,55157303.0
1986.0,8187226.0,,,55411238.0
1987.0,8146606.0,,,55681780.0
1988.0,8110575.0,,,55966142.0
1989.0,8079276.0,,,56269810.0
1990.0,8039675.0,,,56577000.0
1991.0,7981366.0,,,56840661.0
1992.0,7915208.0,,,57110533.0
1993.0,7842409.0,,,57369161.0
1994.0,7765056.0,,,57565008.0
1995.0,7714652.0,,,57752535.0
1996.0,7700740.0,,,57935959.0
1997.0,7700939.0,,,58116018.0
1998.0,7685889.0,,,58298962.0
1999.0,7682497.0,,,58496613.0
2000.0,7695796.0,,,58858198.0
2001.0,7706472.0,,,59266572.0
2002.0,7717913.0,,,59685899.0
2003.0,7731264.0,,,60101841.0
2004.0,7766148.0,,,60505421.0
2005.0,7796359.0,,,60963264.0
2006.0,7814800.0,,,61399733.0
2007.0,7838862.0,,,61795238.0
2008.0,7850203.0,,,62134866.0
2009.0,7864098.0,,,62465709.0
2010.0,7882609.0,,,62765235.0
2011.0,7901666.0,,,63070344.0
2012.0,7908343.0,,,63375971.0
2013.0,7939908.0,,,63697865.0
2014.0,7977349.0,,,64027958.0
2015.0,8006756.0,,,64300821.0
2016.0,8004668.0,,,64468792.0
2017.0,7992828.0,,,64639133.0
2018.0,7990698.0,,,64844037.0
2019.0,7983456.0,,,65096768.0
2020.0,7951079.0,,,65269154.0
2021.0,7912558.0,,,65450219.0
2022.0,7883073.0,,,65646837.0
,,,,
,,,,
,,,,
,,,,
,,,,
,,,,
1946.0,10501377.0,,,40125230.0
1947.0,10590786.0,,,40448254.0
1948.0,10721341.0,,,40910569.0
1949.0,10818245.0,,,41313195.0
1950.0,10904179.0,,,41647258.0
1951.0,11019702.0,,,42010088.0
1952.0,11107289.0,,,42300981.0
1953.0,11197515.0,,,42618354.0
1954.0,11257453.0,,,42885138.0
1955.0,11332508.0,,,43227872.0
1956.0,11409127.0,,,43627467.0
1957.0,11466613.0,,,44058683.0
1958.0,11529422.0,,,44563043.0
1959.0,11568030.0,,,45014662.0
1960.0,11588381.0,,,45464797.0
1961.0,11582648.0,,,45903656.0
1962.0,11564373.0,,,46422000.0
1963.0,11782215.0,,,47573406.0
1964.0,11804711.0,,,48059029.0
1965.0,11825989.0,,,48561800.0
1966.0,11831678.0,,,48953792.0
1967.0,11945367.0,,,49373537.0
1968.0,12076550.0,,,49723072.0
1969.0,12241138.0,,,50107735.0
1970.0,12436437.0,,,50528219.0
1971.0,12629901.0,,,51016234.0
1972.0,12790659.0,,,51485953.0
1973.0,12925116.0,,,51915873.0
1974.0,13070066.0,,,52320725.0
1975.0,13188617.0,,,52600000.0
1976.0,13350018.0,,,52798338.0
1977.0,13574902.0,,,53019005.0
1978.0,13791039.0,,,53271566.0
1979.0,13978273.0,,,53481073.0
1980.0,14158118.0,,,53731387.0
1981.0,14222607.0,,,54028630.0
1982.0,14316174.0,,,54335000.0
1983.0,14395708.0,,,54649984.0
1984.0,14488316.0,,,54894854.0
1985.0,14588650.0,,,55157303.0
1986.0,14678895.0,,,55411238.0
1987.0,14771251.0,,,55681780.0
1988.0,14860636.0,,,55966142.0
1989.0,14951116.0,,,56269810.0
1990.0,15055943.0,,,56577000.0
1991.0,15148409.0,,,56840661.0
1992.0,15258210.0,,,57110533.0
1993.0,15366832.0,,,57369161.0
1994.0,15461422.0,,,57565008.0
1995.0,15515692.0,,,57752535.0
1996.0,15549034.0,,,57935959.0
1997.0,15573867.0,,,58116018.0
1998.0,15618158.0,,,58298962.0
1999.0,15663652.0,,,58496613.0
2000.0,15754409.0,,,58858198.0
2001.0,15883622.0,,,59266572.0
2002.0,16028451.0,,,59685899.0
2003.0,16146421.0,,,60101841.0
2004.0,16228093.0,,,60505421.0
2005.0,16317284.0,,,60963264.0
2006.0,16412234.0,,,61399733.0
2007.0,16422379.0,,,61795238.0
2008.0,16393318.0,,,62134866.0
2009.0,16357834.0,,,62465709.0
2010.0,16316169.0,,,62765235.0
2011.0,16276697.0,,,63070344.0
2012.0,16257482.0,,,63375971.0
2013.0,16233475.0,,,63697865.0
2014.0,16199977.0,,,64027958.0
2015.0,16135172.0,,,64300821.0
2016.0,16067115.0,,,64468792.0
2017.0,16008860.0,,,64639133.0
2018.0,15974444.0,,,64844037.0
2019.0,15967310.0,,,65096768.0
2020.0,15946546.0,,,65269154.0
2021.0,15957509.0,,,65450219.0
2022.0,15960120.0,,,65646837.0
,,,,
,,,,
,,,,
,,,,
,,,,
,,,,
1946.0,2645440.0,,,40125230.0
1947.0,2668733.0,,,40448254.0
1948.0,2700880.0,,,40910569.0
1949.0,2726531.0,,,41313195.0
1950.0,2731078.0,,,41647258.0
1951.0,2735783.0,,,42010088.0
1952.0,2736054.0,,,42300981.0
1953.0,2740707.0,,,42618354.0
1954.0,2740491.0,,,42885138.0
1955.0,2751425.0,,,43227872.0
1956.0,2760643.0,,,43627467.0
1957.0,2794792.0,,,44058683.0
1958.0,2844745.0,,,44563043.0
1959.0,2909448.0,,,45014662.0
1960.0,2984939.0,,,45464797.0
1961.0,3057991.0,,,45903656.0
1962.0,3151717.0,,,46422000.0
1963.0,3260767.0,,,47573406.0
1964.0,3320375.0,,,48059029.0
1965.0,3393851.0,,,48561800.0
1966.0,3456579.0,,,48953792.0
1967.0,3524804.0,,,49373537.0
1968.0,3580091.0,,,49723072.0
1969.0,3641515.0,,,50107735.0
1970.0,3689866.0,,,50528219.0
1971.0,3753390.0,,,51016234.0
1972.0,3797728.0,,,51485953.0
1973.0,3858639.0,,,51915873.0
1974.0,3911037.0,,,52320725.0
1975.0,3955753.0,,,52600000.0
1976.0,3909007.0,,,52798338.0
1977.0,3828665.0,,,53019005.0
1978.0,3765278.0,,,53271566.0
1979.0,3715418.0,,,53481073.0
1980.0,3690866.0,,,53731387.0
1981.0,3780450.0,,,54028630.0
1982.0,3859245.0,,,54335000.0
1983.0,3932806.0,,,54649984.0
1984.0,3998458.0,,,54894854.0
1985.0,4066266.0,,,55157303.0
1986.0,4136219.0,,,55411238.0
1987.0,4207903.0,,,55681780.0
1988.0,4284420.0,,,55966142.0
1989.0,4368222.0,,,56269810.0
1990.0,4448382.0,,,56577000.0
1991.0,4538581.0,,,56840661.0
1992.0,4621703.0,,,57110533.0
1993.0,4706204.0,,,57369161.0
1994.0,4772965.0,,,57565008.0
1995.0,4847712.0,,,57752535.0
1996.0,4905677.0,,,57935959.0
1997.0,4960941.0,,,58116018.0
1998.0,5012134.0,,,58298962.0
1999.0,5059996.0,,,58496613.0
2000.0,5116719.0,,,58858198.0
2001.0,5160925.0,,,59266572.0
2002.0,5194079.0,,,59685899.0
2003.0,5251788.0,,,60101841.0
2004.0,5320258.0,,,60505421.0
2005.0,5405733.0,,,60963264.0
2006.0,5487377.0,,,61399733.0
2007.0,5656337.0,,,61795238.0
2008.0,5841226.0,,,62134866.0
2009.0,6025502.0,,,62465709.0
2010.0,6199172.0,,,62765235.0
2011.0,6375265.0,,,63070344.0
2012.0,6533345.0,,,63375971.0
2013.0,6692626.0,,,63697865.0
2014.0,6847598.0,,,64027958.0
2015.0,7005458.0,,,64300821.0
2016.0,7144419.0,,,64468792.0
2017.0,7285141.0,,,64639133.0
2018.0,7418243.0,,,64844037.0
2019.0,7565341.0,,,65096768.0
2020.0,7708016.0,,,65269154.0
2021.0,7824967.0,,,65450219.0
2022.0,7946730.0,,,65646837.0
,,,,
,,,,
,,,,
,,,,
,,,,
,,,,
1946.0,509297.0,,,40125230.0
1947.0,517266.0,,,40448254.0
1948.0,544643.0,,,40910569.0
1949.0,569345.0,,,41313195.0
1950.0,582144.0,,,41647258.0
1951.0,601404.0,,,42010088.0
1952.0,614277.0,,,42300981.0
1953.0,631254.0,,,42618354.0
1954.0,635858.0,,,42885138.0
1955.0,645178.0,,,43227872.0
1956.0,647982.0,,,43627467.0
1957.0,649097.0,,,44058683.0
1958.0,656406.0,,,44563043.0
1959.0,665673.0,,,45014662.0
1960.0,676423.0,,,45464797.0
1961.0,684657.0,,,45903656.0
1962.0,697059.0,,,46422000.0
1963.0,705278.0,,,47573406.0
1964.0,705251.0,,,48059029.0
1965.0,715098.0,,,48561800.0
1966.0,715768.0,,,48953792.0
1967.0,724552.0,,,49373537.0
1968.0,727378.0,,,49723072.0
1969.0,733110.0,,,50107735.0
1970.0,737455.0,,,50528219.0
1971.0,745519.0,,,51016234.0
1972.0,765449.0,,,51485953.0
1973.0,790989.0,,,51915873.0
1974.0,815545.0,,,52320725.0
1975.0,848943.0,,,52600000.0
1976.0,878593.0,,,52798338.0
1977.0,916194.0,,,53019005.0
1978.0,957589.0,,,53271566.0
1979.0,990964.0,,,53481073.0
1980.0,1024405.0,,,53731387.0
1981.0,1057326.0,,,54028630.0
1982.0,1085552.0,,,54335000.0
1983.0,1114976.0,,,54649984.0
1984.0,1142611.0,,,54894854.0
1985.0,1172427.0,,,55157303.0
1986.0,1198625.0,,,55411238.0
1987.0,1219491.0,,,55681780.0
1988.0,1254428.0,,,55966142.0
1989.0,1288550.0,,,56269810.0
1990.0,1317388.0,,,56577000.0
1991.0,1293652.0,,,56840661.0
1992.0,1251591.0,,,57110533.0
1993.0,1218796.0,,,57369161.0
1994.0,1196855.0,,,57565008.0
1995.0,1196325.0,,,57752535.0
1996.0,1270265.0,,,57935959.0
1997.0,1336837.0,,,58116018.0
1998.0,1396294.0,,,58298962.0
1999.0,1451677.0,,,58496613.0
2000.0,1502894.0,,,58858198.0
2001.0,1558710.0,,,59266572.0
2002.0,1615094.0,,,59685899.0
2003.0,1669235.0,,,60101841.0
2004.0,1720293.0,,,60505421.0
2005.0,1780970.0,,,60963264.0
2006.0,1844538.0,,,61399733.0
2007.0,1902830.0,,,61795238.0
2008.0,1960940.0,,,62134866.0
2009.0,2009609.0,,,62465709.0
2010.0,2060405.0,,,62765235.0
2011.0,2103544.0,,,63070344.0
2012.0,2147128.0,,,63375971.0
2013.0,2184599.0,,,63697865.0
2014.0,2224035.0,,,64027958.0
2015.0,2266880.0,,,64300821.0
2016.0,2287425.0,,,64468792.0
2017.0,2304975.0,,,64639133.0
2018.0,2334231.0,,,64844037.0
2019.0,2383403.0,,,65096768.0
2020.0,2425332.0,,,65269154.0
2021.0,2451814.0,,,65450219.0
2022.0,2556944.0,,,65646837.0
,,,,
,,,,
,,,,
,,,,
,,,,
,,,,
1946.0,4250918.0,,,40125230.0
1947.0,4310360.0,,,40448254.0
1948.0,4415542.0,,,40910569.0
1949.0,4522574.0,,,41313195.0
1950.0,4624425.0,,,41647258.0
1951.0,4734390.0,,,42010088.0
1952.0,4834696.0,,,42300981.0
1953.0,4937133.0,,,42618354.0
1954.0,5033762.0,,,42885138.0
1955.0,5138235.0,,,43227872.0
1956.0,5282914.0,,,43627467.0
1957.0,5451092.0,,,44058683.0
1958.0,5607844.0,,,44563043.0
1959.0,5728994.0,,,45014662.0
1960.0,5853223.0,,,45464797.0
1961.0,5969694.0,,,45903656.0
1962.0,6005158.0,,,46422000.0
1963.0,6080996.0,,,47573406.0
1964.0,6102625.0,,,48059029.0
1965.0,6121845.0,,,48561800.0
1966.0,6123958.0,,,48953792.0
1967.0,6142126.0,,,49373537.0
1968.0,6141359.0,,,49723072.0
1969.0,6154315.0,,,50107735.0
1970.0,6164026.0,,,50528219.0
1971.0,6181981.0,,,51016234.0
1972.0,6211510.0,,,51485953.0
1973.0,6226082.0,,,51915873.0
1974.0,6228185.0,,,52320725.0
1975.0,6186258.0,,,52600000.0
1976.0,6141128.0,,,52798338.0
1977.0,6075666.0,,,53019005.0
1978.0,6025906.0,,,53271566.0
1979.0,5955426.0,,,53481073.0
1980.0,5894428.0,,,53731387.0
1981.0,5862778.0,,,54028630.0
1982.0,5832972.0,,,54335000.0
1983.0,5820130.0,,,54649984.0
1984.0,5784287.0,,,54894854.0
1985.0,5747770.0,,,55157303.0
1986.0,5707726.0,,,55411238.0
1987.0,5658771.0,,,55681780.0
1988.0,5609511.0,,,55966142.0
1989.0,5573518.0,,,56269810.0
1990.0,5562809.0,,,56577000.0
1991.0,5564699.0,,,56840661.0
1992.0,5580521.0,,,57110533.0
1993.0,5576521.0,,,57369161.0
1994.0,5559279.0,,,57565008.0
1995.0,5532418.0,,,57752535.0
1996.0,5492862.0,,,57935959.0
1997.0,5453475.0,,,58116018.0
1998.0,5417888.0,,,58298962.0
1999.0,5409778.0,,,58496613.0
2000.0,5423451.0,,,58858198.0
2001.0,5445453.0,,,59266572.0
2002.0,5457609.0,,,59685899.0
2003.0,5466500.0,,,60101841.0
2004.0,5472036.0,,,60505421.0
2005.0,5480343.0,,,60963264.0
2006.0,5494939.0,,,61399733.0
2007.0,5523638.0,,,61795238.0
2008.0,5547619.0,,,62134866.0
2009.0,5594391.0,,,62465709.0
2010.0,5636910.0,,,62765235.0
2011.0,5667839.0,,,63070344.0
2012.0,5703245.0,,,63375971.0
2013.0,5733279.0,,,63697865.0
2014.0,5751435.0,,,64027958.0
2015.0,5764996.0,,,64300821.0
2016.0,5735804.0,,,64468792.0
2017.0,5711043.0,,,64639133.0
2018.0,5690900.0,,,64844037.0
2019.0,5655400.0,,,65096768.0
2020.0,5615925.0,,,65269154.0
2021.0,5579508.0,,,65450219.0
2022.0,5534455.0,,,65646837.0
,,,,
,,,,
,,,,
,,,,
,,,,
,,,,
1946.0,5866225.0,,,40125230.0
1947.0,5917169.0,,,40448254.0
1948.0,6008801.0,,,40910569.0
1949.0,6095827.0,,,41313195.0
1950.0,6186173.0,,,41647258.0
1951.0,6260103.0,,,42010088.0
1952.0,6329099.0,,,42300981.0
1953.0,6399241.0,,,42618354.0
1954.0,6476828.0,,,42885138.0
1955.0,6559882.0,,,43227872.0
1956.0,6667109.0,,,43627467.0
1957.0,6786999.0,,,44058683.0
1958.0,6926509.0,,,44563043.0
1959.0,7054907.0,,,45014662.0
1960.0,7191564.0,,,45464797.0
1961.0,7353099.0,,,45903656.0
1962.0,7545918.0,,,46422000.0
1963.0,7798816.0,,,47573406.0
1964.0,7947163.0,,,48059029.0
1965.0,8090887.0,,,48561800.0
1966.0,8213482.0,,,48953792.0
1967.0,8241860.0,,,49373537.0
1968.0,8232221.0,,,49723072.0
1969.0,8222146.0,,,50107735.0
1970.0,8219041.0,,,50528219.0
1971.0,8225871.0,,,51016234.0
1972.0,8260422.0,,,51485953.0
1973.0,8278579.0,,,51915873.0
1974.0,8293473.0,,,52320725.0
1975.0,8264830.0,,,52600000.0
1976.0,8221672.0,,,52798338.0
1977.0,8168577.0,,,53019005.0
1978.0,8122326.0,,,53271566.0
1979.0,8071089.0,,,53481073.0
1980.0,8023818.0,,,53731387.0
1981.0,8001799.0,,,54028630.0
1982.0,7972223.0,,,54335000.0
1983.0,7959738.0,,,54649984.0
1984.0,7908712.0,,,54894854.0
1985.0,7856616.0,,,55157303.0
1986.0,7812165.0,,,55411238.0
1987.0,7773028.0,,,55681780.0
1988.0,7742115.0,,,55966142.0
1989.0,7713791.0,,,56269810.0
1990.0,7679972.0,,,56577000.0
1991.0,7624089.0,,,56840661.0
1992.0,7558307.0,,,57110533.0
1993.0,7488064.0,,,57369161.0
1994.0,7414719.0,,,57565008.0
1995.0,7369709.0,,,57752535.0
1996.0,7357487.0,,,57935959.0
1997.0,7354803.0,,,58116018.0
1998.0,7341033.0,,,58298962.0
1999.0,7335411.0,,,58496613.0
2000.0,7351491.0,,,58858198.0
2001.0,7361385.0,,,59266572.0
2002.0,7373461.0,,,59685899.0
2003.0,7385310.0,,,60101841.0
2004.0,7417346.0,,,60505421.0
2005.0,7446044.0,,,60963264.0
2006.0,7465601.0,,,61399733.0
2007.0,7476232.0,,,61795238.0
2008.0,7487372.0,,,62134866.0
2009.0,7504742.0,,,62465709.0
2010.0,7523983.0,,,62765235.0
2011.0,7538742.0,,,63070344.0
2012.0,7549313.0,,,63375971.0
2013.0,7573188.0,,,63697865.0
2014.0,7611359.0,,,64027958.0
2015.0,7645022.0,,,64300821.0
2016.0,7640858.0,,,64468792.0
2017.0,7623320.0,,,64639133.0
2018.0,7620817.0,,,64844037.0
2019.0,7601460.0,,,65096768.0
2020.0,7561779.0,,,65269154.0
2021.0,7525001.0,,,65450219.0
2022.0,7495981.0,,,65646837.0
,,,,
,,,,
,,,,
,,,,
,,,,
,,,,
1946.0,11347191.0,,,40125230.0
1947.0,11378940.0,,,40448254.0
1948.0,11393025.0,,,40910569.0
1949.0,11412936.0,,,41313195.0
1950.0,11423707.0,,,41647258.0
1951.0,11463438.0,,,42010088.0
1952.0,11484738.0,,,42300981.0
1953.0,11505205.0,,,42618354.0
1954.0,11499958.0,,,42885138.0
1955.0,11512727.0,,,43227872.0
1956.0,11541887.0,,,43627467.0
1957.0,11564432.0,,,44058683.0
1958.0,11593416.0,,,44563043.0
1959.0,11604999.0,,,45014662.0
1960.0,11607494.0,,,45464797.0
1961.0,11583492.0,,,45903656.0
1962.0,11544161.0,,,46422000.0
1963.0,11717680.0,,,47573406.0
1964.0,11741932.0,,,48059029.0
1965.0,11759192.0,,,48561800.0
1966.0,11761322.0,,,48953792.0
1967.0,11861765.0,,,49373537.0
1968.0,11980727.0,,,49723072.0
1969.0,12104287.0,,,50107735.0
1970.0,12233857.0,,,50528219.0
1971.0,12372431.0,,,51016234.0
1972.0,12510866.0,,,51485953.0
1973.0,12626089.0,,,51915873.0
1974.0,12737477.0,,,52320725.0
1975.0,12851011.0,,,52600000.0
1976.0,13054992.0,,,52798338.0
1977.0,13316793.0,,,53019005.0
1978.0,13567668.0,,,53271566.0
1979.0,13787955.0,,,53481073.0
1980.0,13996999.0,,,53731387.0
1981.0,14076726.0,,,54028630.0
1982.0,14171009.0,,,54335000.0
1983.0,14272429.0,,,54649984.0
1984.0,14389199.0,,,54894854.0
1985.0,14510588.0,,,55157303.0
1986.0,14617288.0,,,55411238.0
1987.0,14724418.0,,,55681780.0
1988.0,14824533.0,,,55966142.0
1989.0,14924271.0,,,56269810.0
1990.0,15037824.0,,,56577000.0
1991.0,15132054.0,,,56840661.0
1992.0,15247947.0,,,57110533.0
1993.0,15363945.0,,,57369161.0
1994.0,15478714.0,,,57565008.0
1995.0,15553029.0,,,57752535.0
1996.0,15611518.0,,,57935959.0
1997.0,15658485.0,,,58116018.0
1998.0,15724437.0,,,58298962.0
1999.0,15792118.0,,,58496613.0
2000.0,15912877.0,,,58858198.0
2001.0,16078443.0,,,59266572.0
2002.0,16259575.0,,,59685899.0
2003.0,16414471.0,,,60101841.0
2004.0,16532377.0,,,60505421.0
2005.0,16653933.0,,,60963264.0
2006.0,16781404.0,,,61399733.0
2007.0,16797604.0,,,61795238.0
2008.0,16777461.0,,,62134866.0
2009.0,16749232.0,,,62465709.0
2010.0,16707443.0,,,62765235.0
2011.0,16663204.0,,,63070344.0
2012.0,16653128.0,,,63375971.0
2013.0,16619772.0,,,63697865.0
2014.0,16591564.0,,,64027958.0
2015.0,16545460.0,,,64300821.0
2016.0,16495142.0,,,64468792.0
2017.0,16439647.0,,,64639133.0
2018.0,16409328.0,,,64844037.0
2019.0,16389592.0,,,65096768.0
2020.0,16356720.0,,,65269154.0
2021.0,16355063.0,,,65450219.0
2022.0,16348138.0,,,65646837.0
,,,,
,,,,
,,,,
,,,,
,,,,
,,,,
1946.0,3792653.0,,,40125230.0
1947.0,3851463.0,,,40448254.0
1948.0,3916989.0,,,40910569.0
1949.0,3989628.0,,,41313195.0
1950.0,4032697.0,,,41647258.0
1951.0,4080668.0,,,42010088.0
1952.0,4118908.0,,,42300981.0
1953.0,4174450.0,,,42618354.0
1954.0,4222150.0,,,42885138.0
1955.0,4287962.0,,,43227872.0
1956.0,4344862.0,,,43627467.0
1957.0,4406960.0,,,44058683.0
1958.0,4474018.0,,,44563043.0
1959.0,4545510.0,,,45014662.0
1960.0,4619128.0,,,45464797.0
1961.0,4688490.0,,,45903656.0
1962.0,4779991.0,,,46422000.0
1963.0,4908327.0,,,47573406.0
1964.0,4980608.0,,,48059029.0
1965.0,5071499.0,,,48561800.0
1966.0,5145641.0,,,48953792.0
1967.0,5227737.0,,,49373537.0
1968.0,5296758.0,,,49723072.0
1969.0,5363700.0,,,50107735.0
1970.0,5419798.0,,,50528219.0
1971.0,5488565.0,,,51016234.0
1972.0,5536083.0,,,51485953.0
1973.0,5604163.0,,,51915873.0
1974.0,5659930.0,,,52320725.0
1975.0,5716554.0,,,52600000.0
1976.0,5675110.0,,,52798338.0
1977.0,5595058.0,,,53019005.0
1978.0,5534847.0,,,53271566.0
1979.0,5488504.0,,,53481073.0
1980.0,5466781.0,,,53731387.0
1981.0,5569129.0,,,54028630.0
1982.0,5661568.0,,,54335000.0
1983.0,5746301.0,,,54649984.0
1984.0,5819665.0,,,54894854.0
1985.0,5899979.0,,,55157303.0
1986.0,5979445.0,,,55411238.0
1987.0,6058574.0,,,55681780.0
1988.0,6143863.0,,,55966142.0
1989.0,6233134.0,,,56269810.0
1990.0,6315204.0,,,56577000.0
1991.0,6416162.0,,,56840661.0
1992.0,6509158.0,,,57110533.0
1993.0,6601707.0,,,57369161.0
1994.0,6672132.0,,,57565008.0
1995.0,6751741.0,,,57752535.0
1996.0,6811503.0,,,57935959.0
1997.0,6866983.0,,,58116018.0
1998.0,6917311.0,,,58298962.0
1999.0,6962939.0,,,58496613.0
2000.0,7026906.0,,,58858198.0
2001.0,7075725.0,,,59266572.0
2002.0,7112420.0,,,59685899.0
2003.0,7172587.0,,,60101841.0
2004.0,7241199.0,,,60505421.0
2005.0,7343911.0,,,60963264.0
2006.0,7438317.0,,,61399733.0
2007.0,7603824.0,,,61795238.0
2008.0,7785286.0,,,62134866.0
2009.0,7964301.0,,,62465709.0
2010.0,8135859.0,,,62765235.0
2011.0,8314770.0,,,63070344.0
2012.0,8474360.0,,,63375971.0
2013.0,8638896.0,,,63697865.0
2014.0,8800111.0,,,64027958.0
2015.0,8962953.0,,,64300821.0
2016.0,9116590.0,,,64468792.0
2017.0,9289337.0,,,64639133.0
2018.0,9430507.0,,,64844037.0
2019.0,9589609.0,,,65096768.0
2020.0,9745014.0,,,65269154.0
2021.0,9875121.0,,,65450219.0
2022.0,10012795.0,,,65646837.0
,,,,
,,,,
,,,,
,,,,
,,,,
,,,,
1946.0,870401.0,,,40125230.0
1947.0,882628.0,,,40448254.0
1948.0,918959.0,,,40910569.0
1949.0,959369.0,,,41313195.0
1950.0,982557.0,,,41647258.0
1951.0,1019022.0,,,42010088.0
1952.0,1044873.0,,,42300981.0
1953.0,1078196.0,,,42618354.0
1954.0,1095718.0,,,42885138.0
1955.0,1127593.0,,,43227872.0
1956.0,1155095.0,,,43627467.0
1957.0,1179827.0,,,44058683.0
1958.0,1214454.0,,,44563043.0
1959.0,1248393.0,,,45014662.0
1960.0,1285075.0,,,45464797.0
1961.0,1316707.0,,,45903656.0
1962.0,1353807.0,,,46422000.0
1963.0,1391877.0,,,47573406.0
1964.0,1415547.0,,,48059029.0
1965.0,1456279.0,,,48561800.0
1966.0,1483097.0,,,48953792.0
1967.0,1521482.0,,,49373537.0
1968.0,1552977.0,,,49723072.0
1969.0,1586943.0,,,50107735.0
1970.0,1618284.0,,,50528219.0
1971.0,1649650.0,,,51016234.0
1972.0,1691211.0,,,51485953.0
1973.0,1733842.0,,,51915873.0
1974.0,1768118.0,,,52320725.0
1975.0,1807479.0,,,52600000.0
1976.0,1843941.0,,,52798338.0
1977.0,1894303.0,,,53019005.0
1978.0,1952958.0,,,53271566.0
1979.0,2002426.0,,,53481073.0
1980.0,2054209.0,,,53731387.0
1981.0,2102347.0,,,54028630.0
1982.0,2145917.0,,,54335000.0
1983.0,2193119.0,,,54649984.0
1984.0,2237467.0,,,54894854.0
1985.0,2287709.0,,,55157303.0
1986.0,2331893.0,,,55411238.0
1987.0,2366402.0,,,55681780.0
1988.0,2422434.0,,,55966142.0
1989.0,2474951.0,,,56269810.0
1990.0,2521030.0,,,56577000.0
1991.0,2491308.0,,,56840661.0
1992.0,2432609.0,,,57110533.0
1993.0,2384130.0,,,57369161.0
1994.0,2347324.0,,,57565008.0
1995.0,2339194.0,,,57752535.0
1996.0,2432427.0,,,57935959.0
1997.0,2519611.0,,,58116018.0
1998.0,2596812.0,,,58298962.0
1999.0,2669619.0,,,58496613.0
2000.0,2741883.0,,,58858198.0
2001.0,2821419.0,,,59266572.0
2002.0,2902377.0,,,59685899.0
2003.0,2978569.0,,,60101841.0
2004.0,3049722.0,,,60505421.0
2005.0,3143680.0,,,60963264.0
2006.0,3241456.0,,,61399733.0
2007.0,3323482.0,,,61795238.0
2008.0,3400540.0,,,62134866.0
2009.0,3459967.0,,,62465709.0
2010.0,3515694.0,,,62765235.0
2011.0,3564568.0,,,63070344.0
2012.0,3604524.0,,,63375971.0
2013.0,3634407.0,,,63697865.0
2014.0,3668963.0,,,64027958.0
2015.0,3700912.0,,,64300821.0
2016.0,3707391.0,,,64468792.0
2017.0,3728006.0,,,64639133.0
2018.0,3734174.0,,,64844037.0
2019.0,3767340.0,,,65096768.0
2020.0,3798223.0,,,65269154.0
2021.0,3812096.0,,,65450219.0
2022.0,3921350.0,,,65646837.0
,,,,
,,,,
,,,,
,,,,
,,,,
,,,,
1946.0,10361974.0,,,40125230.0
1947.0,10352661.0,,,40448254.0
1948.0,10325218.0,,,40910569.0
1949.0,10304243.0,,,41313195.0
1950.0,10284366.0,,,41647258.0
1951.0,10255854.0,,,42010088.0
1952.0,10213207.0,,,42300981.0
1953.0,10167060.0,,,42618354.0
1954.0,10125551.0,,,42885138.0
1955.0,10094772.0,,,43227872.0
1956.0,10059447.0,,,43627467.0
1957.0,10019223.0,,,44058683.0
1958.0,10016404.0,,,44563043.0
1959.0,10011991.0,,,45014662.0
1960.0,10012716.0,,,45464797.0
1961.0,10020062.0,,,45903656.0
1962.0,10149753.0,,,46422000.0
1963.0,10459322.0,,,47573406.0
1964.0,10608419.0,,,48059029.0
1965.0,10753987.0,,,48561800.0
1966.0,10981507.0,,,48953792.0
1967.0,11236575.0,,,49373537.0
1968.0,11478811.0,,,49723072.0
1969.0,11698272.0,,,50107735.0
1970.0,11908023.0,,,50528219.0
1971.0,11994457.0,,,51016234.0
1972.0,12089313.0,,,51485953.0
1973.0,12186525.0,,,51915873.0
1974.0,12287592.0,,,52320725.0
1975.0,12390818.0,,,52600000.0
1976.0,12471208.0,,,52798338.0
1977.0,12582091.0,,,53019005.0
1978.0,12686672.0,,,53271566.0
1979.0,12793285.0,,,53481073.0
1980.0,12909845.0,,,53731387.0
1981.0,13009281.0,,,54028630.0
1982.0,13115167.0,,,54335000.0
1983.0,13218159.0,,,54649984.0
1984.0,13333803.0,,,54894854.0
1985.0,13448018.0,,,55157303.0
1986.0,13575605.0,,,55411238.0
1987.0,13717300.0,,,55681780.0
1988.0,13861740.0,,,55966142.0
1989.0,14001371.0,,,56269810.0
1990.0,14118963.0,,,56577000.0
1991.0,14219877.0,,,56840661.0
1992.0,14325849.0,,,57110533.0
1993.0,14419374.0,,,57369161.0
1994.0,14487025.0,,,57565008.0
1995.0,14548434.0,,,57752535.0
1996.0,14625458.0,,,57935959.0
1997.0,14602929.0,,,58116018.0
1998.0,14560131.0,,,58298962.0
1999.0,14493094.0,,,58496613.0
2000.0,14467585.0,,,58858198.0
2001.0,14448315.0,,,59266572.0
2002.0,14458828.0,,,59685899.0
2003.0,14464283.0,,,60101841.0
2004.0,14482854.0,,,60505421.0
2005.0,14500441.0,,,60963264.0
2006.0,14511425.0,,,61399733.0
2007.0,14490399.0,,,61795238.0
2008.0,14455332.0,,,62134866.0
2009.0,14404487.0,,,62465709.0
2010.0,14344168.0,,,62765235.0
2011.0,14292459.0,,,63070344.0
2012.0,14239197.0,,,63375971.0
2013.0,14196012.0,,,63697865.0
2014.0,14154262.0,,,64027958.0
2015.0,14103811.0,,,64300821.0
2016.0,14059253.0,,,64468792.0
2017.0,14006207.0,,,64639133.0
2018.0,13989456.0,,,64844037.0
2019.0,13976076.0,,,65096768.0
2020.0,13940972.0,,,65269154.0
2021.0,13930797.0,,,65450219.0
2022.0,13923111.0,,,65646837.0
,,,,
,,,,
,,,,
,,,,
,,,,
,,,,
